category,price,link,other_colors,height,depth,width,materials,cost
Beds,895,https://www.ikea.com/sa/en/p/brimnes-bed-frame-w-storage-and-headboard-white-luroey-s49278341/,No,110,54,96,wood,644.4
Beds,2111,https://www.ikea.com/sa/en/p/platsa-bed-frame-with-4-drawers-white-fonnes-s89326463/,No,43,40,140,steel,1646.58
Beds,995,https://www.ikea.com/sa/en/p/vattviken-armchair-bed-lerhaga-light-grey-50468953/,No,86,83,92,wood,756.2
Beds,575,https://www.ikea.com/sa/en/p/brimnes-bed-frame-with-storage-white-20400691/,No,47,54,96,wood,442.75
Beds,920,https://www.ikea.com/sa/en/p/malm-bed-frame-high-w-2-storage-boxes-white-s19175957/,Yes,15,59,196,wood,717.6
Beds,575,https://www.ikea.com/sa/en/p/brimnes-bed-frame-with-storage-white-s79902935/,Yes,20,54,146,wood,402.5
Beds,1495,https://www.ikea.com/sa/en/p/hemnes-day-bed-frame-with-3-drawers-white-90349326/,No,18,70,89,steel,1196
Beds,670,https://www.ikea.com/sa/en/p/malm-bed-frame-high-w-2-storage-boxes-white-s79012991/,Yes,15,59,105,wood,495.8
Beds,2600.5,https://www.ikea.com/sa/en/p/platsa-bed-frame-with-10-doors-white-s89305446/,No,43,40,143,steel,1976.38
Beds,399,https://www.ikea.com/sa/en/p/hammarn-sofa-bed-knisa-dark-grey-black-90354327/,No,78,85,128,steel,283.29
Beds,2290,https://www.ikea.com/sa/en/p/nordli-bed-frame-w-storage-and-headboard-white-s09241420/,Yes,16,51,240,wood,1809.1
Beds,570,https://www.ikea.com/sa/en/p/songesand-bed-frame-with-2-storage-boxes-brown-s69241097/,Yes,14,64,153,wood,404.7
Beds,100,https://www.ikea.com/sa/en/p/lycksele-storage-box-2-seat-sofa-bed-black-60116960/,No,21,55,92,plastic,70
Beds,1495,https://www.ikea.com/sa/en/p/hemnes-day-bed-frame-with-3-drawers-grey-60372276/,No,18,70,89,wood,1166.1
Beds,620,https://www.ikea.com/sa/en/p/slaekt-underbed-with-storage-white-s99239451/,No,45,57,95,steel,458.8
Beds,1470,https://www.ikea.com/sa/en/p/nyhamn-sofa-bed-with-triple-cushion-with-foam-mattress-skiftebo-yellow-s09306416/,Yes,90,97,200,wood,1073.1
Beds,1395,https://www.ikea.com/sa/en/p/slaekt-bed-frame-w-storage-slatted-bedbase-white-s29291956/,No,14,57,96,wood,1032.3
Beds,995,https://www.ikea.com/sa/en/p/askeby-two-seat-sofa-bed-black-70284203/,No,72,72,149,wood,766.15
Beds,220,https://www.ikea.com/sa/en/p/brimnes-headboard-with-storage-compartment-white-20228709/,Yes,111,28,146,wood,176
Beds,2185,https://www.ikea.com/sa/en/p/hemnes-day-bed-w-3-drawers-2-mattresses-white-husvika-firm-s09186126/,Yes,18,70,89,wood,1682.45
Beds,1595,https://www.ikea.com/sa/en/p/nordli-bed-frame-with-storage-white-40349847/,Yes,16,51,140,wood,1116.5
Beds,1848,https://www.ikea.com/sa/en/p/vallentuna-sofa-bed-module-with-backrests-orrsta-light-grey-s39277498/,Yes,84,93,113,plastic,1441.44
Beds,200,https://www.ikea.com/sa/en/p/vitval-desk-top-white-40411410/,No,73,45,95,steel,142
Beds,2307,https://www.ikea.com/sa/en/p/platsa-bed-frame-with-10-drawers-white-fonnes-s89302914/,No,43,40,140,wood,1730.25
Beds,1195,https://www.ikea.com/sa/en/p/platsa-bed-frame-with-storage-white-10453086/,No,43,40,140,wood,956
Beds,3339,https://www.ikea.com/sa/en/p/platsa-bed-frame-with-6-doors-12-drawers-white-fonnes-s09324284/,No,43,40,140,wood,2537.64
Beds,1095,https://www.ikea.com/sa/en/p/brimnes-day-bed-frame-with-2-drawers-white-00228705/,No,21,53,86,wood,766.5
Beds,1245,https://www.ikea.com/sa/en/p/songesand-bed-frame-with-4-storage-boxes-brown-loenset-s29241160/,Yes,14,64,153,wood,883.95
Beds,1260,https://www.ikea.com/sa/en/p/slaekt-bed-frame-with-3-storage-boxes-white-s89386070/,No,35,53,96,wood,995.4
Beds,1445,https://www.ikea.com/sa/en/p/lycksele-murbo-two-seat-sofa-bed-ebbarp-black-white-s19166180/,Yes,87,100,142,steel,1156
Beds,1767,https://www.ikea.com/sa/en/p/platsa-bed-frame-with-2-drawers-white-fonnes-s99302918/,No,43,40,141,steel,1307.58
Beds,2905,https://www.ikea.com/sa/en/p/platsa-bed-frame-with-4-doors-6-drawers-white-fonnes-ridabu-s59302915/,No,43,40,141,steel,2324
Beds,1160,https://www.ikea.com/sa/en/p/vallentuna-sofa-bed-module-hillared-dark-grey-s09149879/,Yes,45,100,80,steel,893.2
Beds,220,https://www.ikea.com/sa/en/p/brimnes-headboard-with-storage-compartment-white-00400692/,No,110,28,96,plastic,167.2
Beds,2163.5,https://www.ikea.com/sa/en/p/platsa-bed-frame-with-2-door-3-drawers-white-fonnes-s99302975/,No,43,40,141,steel,1622.625
Beds,1995,https://www.ikea.com/sa/en/p/graelviken-3-seat-sofa-bed-grey-70340567/,No,74,86,225,steel,1476.3
Beds,2295,https://www.ikea.com/sa/en/p/holmsund-three-seat-sofa-bed-orrsta-light-white-grey-s89240761/,Yes,96,99,230,wood,1606.5
Beds,1611,https://www.ikea.com/sa/en/p/platsa-bed-frame-with-4-drawers-white-fonnes-s09302913/,No,42,40,141,steel,1288.8
Beds,3595,https://www.ikea.com/sa/en/p/groenlid-2-seat-sofa-bed-ljungen-dark-red-s29278101/,Yes,104,98,196,steel,2804.1
Beds,7610,https://www.ikea.com/sa/en/p/groenlid-corner-sofa-bed-5-seat-with-chaise-longue-ljungen-dark-red-s49278591/,Yes,104,164,252,steel,5631.4
Beds,1795,https://www.ikea.com/sa/en/p/brimnes-day-bed-w-2-drawers-2-mattresses-white-malfors-medium-firm-s19129932/,Yes,21,53,86,steel,1436
Beds,295,https://www.ikea.com/sa/en/p/slaekt-storage-box-with-castors-80362974/,No,35,53,62,wood,224.2
Beds,1991,https://www.ikea.com/sa/en/p/brathult-corner-sofa-bed-borred-grey-green-s09217849/,Yes,69,78,212,steel,1533.07
Beds,2210,https://www.ikea.com/sa/en/p/platsa-bed-frame-with-storage-white-s19302917/,No,43,40,140,steel,1635.4
Beds,1445,https://www.ikea.com/sa/en/p/nyhamn-3-seat-sofa-bed-with-pocket-spring-mattress-skiftebo-yellow-s09306435/,Yes,90,97,200,wood,1112.65
Beds,9585,https://www.ikea.com/sa/en/p/lidhult-corner-sofa-bed-6-seat-with-chaise-longue-lejde-red-brown-red-brown-s29277639/,Yes,102,164,387,steel,7668
Beds,5780,https://www.ikea.com/sa/en/p/vallentuna-modular-corner-sofa-3-seat-sofa-bed-and-storage-murum-white-s09278003/,Yes,84,93,266,steel,4277.2
Beds,3340,https://www.ikea.com/sa/en/p/lidhult-2-seat-sofa-bed-section-lejde-grey-black-s19290014/,Yes,95,97,160,wood,2471.6
Beds,2236,https://www.ikea.com/sa/en/p/flottebo-sofa-bed-with-side-table-gunnared-medium-grey-s89300750/,Yes,79,120,200,steel,1632.28
Beds,4645,https://www.ikea.com/sa/en/p/vimle-3-seat-sofa-bed-with-chaise-longue-gunnared-medium-grey-s49292686/,Yes,83,98,271,steel,3251.5
Beds,1295,https://www.ikea.com/sa/en/p/nyhamn-3-seat-sofa-bed-with-foam-mattress-skiftebo-yellow-s49306443/,Yes,90,97,200,wood,1010.1
Beds,2995,https://www.ikea.com/sa/en/p/holmsund-corner-sofa-bed-nordvalla-medium-grey-s79150746/,Yes,96,151,230,wood,2336.1
Beds,4320,https://www.ikea.com/sa/en/p/vallentuna-2-seat-modular-sofa-w-2-sofa-beds-murum-white-s29277724/,Yes,84,113,186,steel,3153.6
Beds,1596,https://www.ikea.com/sa/en/p/flottebo-sofa-bed-vissle-dark-grey-s59297481/,Yes,79,90,200,wood,1181.04
Beds,1520,https://www.ikea.com/sa/en/p/nyhamn-sofa-bed-with-triple-cushion-with-pocket-spring-mattress-knisa-grey-beige-s09306355/,Yes,90,97,200,wood,1185.6
Beds,300,https://www.ikea.com/sa/en/p/svaerta-desk-top-silver-colour-20249896/,No,2,88,200,plastic,240
Beds,7785,https://www.ikea.com/sa/en/p/lidhult-corner-sofa-bed-5-seat-lejde-grey-black-s29266184/,Yes,102,98,294,steel,5760.9
Beds,4270,https://www.ikea.com/sa/en/p/groenlid-3-seat-sofa-bed-with-open-end-ljungen-medium-grey-s29278158/,Yes,104,98,231,steel,3373.3
Beds,1845,https://www.ikea.com/sa/en/p/friheten-3-seat-sofa-bed-skiftebo-blue-60431563/,Yes,83,105,225,wood,1402.2
Beds,2945,https://www.ikea.com/sa/en/p/vimle-2-seat-sofa-bed-section-gunnared-beige-s29285521/,Yes,83,98,160,steel,2179.3
Beds,4790,https://www.ikea.com/sa/en/p/groenlid-3-seat-sofa-bed-with-chaise-longue-inseros-white-s89278481/,Yes,104,164,277,steel,3544.6
Beds,4841,https://www.ikea.com/sa/en/p/lidhult-2-seat-sofa-bed-section-grann-bomstad-dark-brown-s19290603/,No,95,97,160,steel,3533.93
Beds,2932,https://www.ikea.com/sa/en/p/vallentuna-2-seat-modular-sofa-with-sofa-bed-and-storage-hillared-light-blue-s59277652/,Yes,84,113,186,wood,2111.04
Beds,4390,https://www.ikea.com/sa/en/p/groenlid-3-seat-sofa-bed-ljungen-light-green-s69278415/,Yes,104,98,267,steel,3073
Beds,3355,https://www.ikea.com/sa/en/p/vimle-2-seat-sofa-bed-gunnared-medium-grey-s19285588/,Yes,83,98,190,steel,2449.15
Beds,1676,https://www.ikea.com/sa/en/p/flottebo-sofa-bed-with-side-table-vissle-purple-s29297454/,Yes,79,90,200,plastic,1307.28
Beds,1345,https://www.ikea.com/sa/en/p/lycksele-loevas-2-seat-sofa-bed-vallarum-cerise-s99280884/,Yes,87,100,142,plastic,1076
Beds,6110,https://www.ikea.com/sa/en/p/groenlid-corner-sofa-bed-4-seat-with-open-end-sporda-natural-s09278569/,Yes,104,98,235,steel,4643.6
Beds,7765,https://www.ikea.com/sa/en/p/vimle-corner-sofa-bed-5-seat-with-chaise-longue-dalstorp-multicolour-s19299726/,Yes,83,98,349,steel,5513.15
Beds,4040,https://www.ikea.com/sa/en/p/lidhult-2-seat-sofa-bed-lejde-grey-black-s29257066/,Yes,102,98,208,steel,2949.2
Beds,4120,https://www.ikea.com/sa/en/p/vimle-3-seat-sofa-bed-with-open-end-tallmyra-black-grey-s39292465/,Yes,83,98,246,steel,2925.2
Beds,4265,https://www.ikea.com/sa/en/p/vimle-3-seat-sofa-bed-gunnared-beige-s69292275/,Yes,83,98,261,steel,3412
Beds,1996,https://www.ikea.com/sa/en/p/flottebo-sofa-bed-vissle-purple-s69297471/,Yes,79,120,200,wood,1536.92
Beds,5840,https://www.ikea.com/sa/en/p/lidhult-3-seat-sofa-bed-with-chaise-longue-lejde-grey-black-s39266094/,Yes,102,164,298,steel,4321.6
Beds,1645,https://www.ikea.com/sa/en/p/lycksele-havet-two-seat-sofa-bed-vallarum-grey-s89149936/,Yes,87,100,142,plastic,1151.5
Beds,3145,https://www.ikea.com/sa/en/p/groenlid-2-seat-sofa-bed-section-ljungen-dark-red-s39277196/,Yes,104,98,160,steel,2232.95
Beds,7873,https://www.ikea.com/sa/en/p/lidhult-3-seat-sofa-bed-with-chaise-longue-grann-bomstad-dark-brown-s59266074/,No,102,164,298,steel,5904.75
Beds,5553,https://www.ikea.com/sa/en/p/lidhult-2-seat-sofa-bed-grann-bomstad-dark-brown-s39266008/,No,102,98,208,steel,3942.63
Chairs,595,https://www.ikea.com/sa/en/p/bingsta-armchair-vissle-dark-yellow-kabusa-dark-yellow-40455649/,Yes,76,58,70,steel,428.4
Chairs,545,https://www.ikea.com/sa/en/p/skruvsta-swivel-chair-lingbo-multicolour-40472861/,Yes,79,69,69,wood,397.85
Chairs,995,https://www.ikea.com/sa/en/p/strandmon-wing-chair-vibberbo-black-beige-20456956/,Yes,101,96,82,wood,776.1
Chairs,195,https://www.ikea.com/sa/en/p/pello-armchair-holmby-natural-50078464/,No,96,85,67,wood,140.4
Chairs,1395,https://www.ikea.com/sa/en/p/ekolsund-recliner-gunnared-light-brown-pink-s59297184/,Yes,97,94,85,steel,1102.05
Chairs,395,https://www.ikea.com/sa/en/p/nilsove-chair-with-armrests-rattan-white-50434312/,No,82,57,57,wood,300.2
Chairs,245,https://www.ikea.com/sa/en/p/agen-chair-rattan-bamboo-50058376/,No,79,56,58,wood,181.3
Chairs,40,https://www.ikea.com/sa/en/p/adde-chair-white-10219178/,Yes,77,47,39,plastic,29.2
Chairs,30,https://www.ikea.com/sa/en/p/gunde-folding-chair-white-60217799/,No,78,45,41,plastic,23.4
Chairs,175,https://www.ikea.com/sa/en/p/nolmyra-easy-chair-birch-veneer-grey-10233532/,Yes,75,75,64,plastic,133
Chairs,495,https://www.ikea.com/sa/en/p/strandmon-childrens-armchair-vissle-grey-70392542/,No,71,62,56,plastic,366.3
Chairs,795,https://www.ikea.com/sa/en/p/groenadal-rocking-chair-grey-natural-90320097/,No,86,81,80,plastic,612.15
Chairs,195,https://www.ikea.com/sa/en/p/ingolf-chair-white-70103250/,Yes,91,52,43,wood,140.4
Chairs,125,https://www.ikea.com/sa/en/p/karljan-chair-dark-grey-kabusa-dark-grey-50341025/,No,81,55,49,plastic,90
Chairs,795,https://www.ikea.com/sa/en/p/remsta-armchair-djuparp-dark-green-blue-green-blue-60344759/,Yes,88,72,60,plastic,596.25
Chairs,995,https://www.ikea.com/sa/en/p/stocksund-bench-ljungen-blue-black-wood-s39129342/,Yes,47,49,144,wood,716.4
Chairs,175,https://www.ikea.com/sa/en/p/ingolf-stool-white-00152282/,Yes,45,30,39,wood,136.5
Chairs,295,https://www.ikea.com/sa/en/p/ikea-ps-gullholmen-rocking-chair-banana-fibre-50039552/,No,75,68,62,wood,227.15
Chairs,59,https://www.ikea.com/sa/en/p/bekvaem-step-stool-beech-60178887/,No,50,39,43,wood,44.25
Chairs,495,https://www.ikea.com/sa/en/p/tossberg-chair-metal-black-grey-90435324/,No,82,56,60,wood,351.45
Chairs,60,https://www.ikea.com/sa/en/p/kyrre-stool-birch-60416925/,No,45,48,42,wood,43.8
Chairs,95,https://www.ikea.com/sa/en/p/teodores-chair-white-90350937/,Yes,80,54,46,steel,70.3
Chairs,675,https://www.ikea.com/sa/en/p/buskbo-armchair-rattan-djupvik-white-s79299016/,No,42,63,72,wood,519.75
Chairs,79.2,https://www.ikea.com/sa/en/p/jokkmokk-chair-antique-stain-90342688/,No,90,47,41,wood,57.816
Chairs,345,https://www.ikea.com/sa/en/p/tobias-chair-transparent-chrome-plated-80349671/,No,82,56,55,plastic,244.95
Chairs,545,https://www.ikea.com/sa/en/p/tullsta-armchair-lofallet-beige-s29272712/,Yes,78,69,79,wood,397.85
Chairs,69,https://www.ikea.com/sa/en/p/stig-bar-stool-with-backrest-black-silver-colour-80155205/,Yes,100,50,60,plastic,48.99
Chairs,975,https://www.ikea.com/sa/en/p/vedbo-armchair-gunnared-light-brown-pink-40423578/,Yes,75,65,73,plastic,770.25
Chairs,199,https://www.ikea.com/sa/en/p/harry-chair-birch-blekinge-white-60105829/,No,96,50,48,wood,153.23
Chairs,345,https://www.ikea.com/sa/en/p/ikea-ps-loemsk-swivel-armchair-white-red-10407136/,No,75,62,59,plastic,244.95
Chairs,179,https://www.ikea.com/sa/en/p/poaeng-childrens-armchair-birch-veneer-almas-natural-90116553/,No,68,60,47,wood,143.2
Chairs,790,https://www.ikea.com/sa/en/p/poaeng-rocking-chair-birch-veneer-hillared-anthracite-s39201026/,Yes,95,94,68,wood,560.9
Chairs,245,https://www.ikea.com/sa/en/p/leifarne-chair-white-ernfrid-birch-s59127808/,No,88,50,52,plastic,181.3
Chairs,1100,https://www.ikea.com/sa/en/p/soederhamn-chaise-longue-samsta-light-pink-s29151296/,Yes,83,151,93,plastic,858
Chairs,295,https://www.ikea.com/sa/en/p/mackapaer-bench-with-storage-compartments-white-10334753/,No,51,35,100,wood,221.25
Chairs,424,https://www.ikea.com/sa/en/p/nilsove-norna-chair-with-chair-pad-rattan-white-laila-natural-s19304006/,No,82,57,57,wood,296.8
Chairs,675,https://www.ikea.com/sa/en/p/ektorp-armchair-lofallet-beige-s79129081/,Yes,88,88,104,plastic,506.25
Chairs,195,https://www.ikea.com/sa/en/p/leifarne-chair-dark-yellow-mosaic-patterned-white-broringe-white-s49304199/,No,87,50,52,steel,144.3
Chairs,85,https://www.ikea.com/sa/en/p/stefan-chair-brown-black-00211088/,No,90,49,42,wood,60.35
Chairs,177,https://www.ikea.com/sa/en/p/odger-chair-brown-50364149/,Yes,81,51,45,plastic,134.52
Chairs,30,https://www.ikea.com/sa/en/p/gunde-folding-chair-black-00217797/,No,78,45,41,plastic,23.7
Chairs,49,https://www.ikea.com/sa/en/p/nisse-folding-chair-black-30115066/,No,76,47,45,plastic,35.77
Chairs,695,https://www.ikea.com/sa/en/p/ekeroe-armchair-skiftebo-yellow-00262879/,Yes,75,73,70,plastic,549.05
Chairs,1295,https://www.ikea.com/sa/en/p/hattefjaell-office-chair-with-armrests-gunnared-beige-white-s49252119/,Yes,110,68,68,plastic,958.3
Chairs,175,https://www.ikea.com/sa/en/p/boerje-chair-white-kungsvik-sand-90211531/,No,100,55,44,wood,129.5
Chairs,125,https://www.ikea.com/sa/en/p/karljan-chair-red-kabusa-red-80443904/,No,81,55,49,plastic,96.25
Chairs,675,https://www.ikea.com/sa/en/p/radviken-armchair-dark-brown-black-50295472/,No,82,73,79,wood,479.25
Chairs,295,https://www.ikea.com/sa/en/p/henriksdal-chair-white-orrsta-light-grey-s19190340/,Yes,97,58,51,plastic,218.3
Chairs,1895,https://www.ikea.com/sa/en/p/groenlid-chaise-longue-ljungen-light-green-s89256262/,Yes,104,164,117,plastic,1345.45
Chairs,99,https://www.ikea.com/sa/en/p/martin-chair-black-black-s09219527/,No,86,52,49,plastic,79.2
Chairs,495,https://www.ikea.com/sa/en/p/hemnes-storage-bench-w-towel-rail-4-hooks-white-30396655/,No,173,37,64,wood,371.25
Chairs,645,https://www.ikea.com/sa/en/p/sakarias-chair-with-armrests-black-lingbo-multicoloured-dark-s09279026/,Yes,96,67,60,steel,503.1
Chairs,595,https://www.ikea.com/sa/en/p/baltsar-chair-black-blue-brown-10413137/,Yes,85,56,58,wood,452.2
Chairs,695,https://www.ikea.com/sa/en/p/bingsta-high-back-armchair-vissle-dark-yellow-kabusa-dark-yellow-40455654/,Yes,101,58,70,wood,556
Chairs,445,https://www.ikea.com/sa/en/p/ulriksberg-armchair-rattan-anthracite-90434310/,No,76,74,67,wood,324.85
Chairs,15,https://www.ikea.com/sa/en/p/foersiktig-childrens-stool-white-green-60248418/,No,13,24,37,plastic,10.8
Chairs,345,https://www.ikea.com/sa/en/p/ingolf-bar-stool-with-backrest-white-10122647/,No,91,45,40,wood,276
Chairs,225,https://www.ikea.com/sa/en/p/sakarias-stool-black-sporda-dark-grey-s79325223/,No,49,51,39,wood,180
Chairs,825,https://www.ikea.com/sa/en/p/koarp-armchair-orrsta-light-blue-black-s99221743/,Yes,75,78,83,steel,618.75
Chairs,327,https://www.ikea.com/sa/en/p/markerad-chair-beech-80433900/,No,76,46,53,wood,255.06
Chairs,179,https://www.ikea.com/sa/en/p/poaeng-childrens-armchair-birch-veneer-almas-beige-s39337911/,No,68,56,47,wood,128.88
Chairs,245,https://www.ikea.com/sa/en/p/svenbertil-chair-white-ernfrid-birch-s59197702/,No,85,51,48,plastic,173.95
Chairs,1695,https://www.ikea.com/sa/en/p/stocksund-armchair-ljungen-medium-grey-light-brown-wood-s49315937/,Yes,84,97,92,steel,1237.35
Chairs,1495,https://www.ikea.com/sa/en/p/benarp-armchair-skiftebo-yellow-40319398/,No,106,83,92,plastic,1196
Chairs,129,https://www.ikea.com/sa/en/p/franklin-bar-stool-with-backrest-foldable-white-white-70404875/,No,95,44,50,wood,99.33
Chairs,49,https://www.ikea.com/sa/en/p/nisse-folding-chair-dark-blue-lilac-90412426/,No,76,47,45,plastic,34.3
Chairs,795,https://www.ikea.com/sa/en/p/skogstorp-bench-oak-white-20426276/,No,45,36,132,wood,604.2
Chairs,110,https://www.ikea.com/sa/en/p/antilop-highchair-with-tray-silver-colour-white-silver-colour-s29067293/,No,90,62,56,plastic,88
Chairs,1795,https://www.ikea.com/sa/en/p/lidhult-armchair-lejde-grey-black-s89256894/,Yes,102,98,119,steel,1364.2
Chairs,79,https://www.ikea.com/sa/en/p/terje-folding-chair-white-80222441/,Yes,77,51,44,wood,62.41
Chairs,345,https://www.ikea.com/sa/en/p/roenninge-chair-birch-10422504/,Yes,79,49,46,wood,269.1
Chairs,50,https://www.ikea.com/sa/en/p/langur-padded-seat-cover-for-highchair-yellow-30346986/,No,40,21,22,plastic,36
Chairs,295,https://www.ikea.com/sa/en/p/henriksdal-chair-brown-nolhaga-grey-beige-s29220780/,Yes,97,58,51,wood,215.35
Chairs,395,https://www.ikea.com/sa/en/p/stuva-fritids-bench-with-toy-storage-white-white-s59252637/,Yes,50,50,90,plastic,284.4
Chairs,995,https://www.ikea.com/sa/en/p/ekenaes-armchair-hensta-light-brown-00276664/,Yes,90,78,86,wood,706.45
Chairs,145,https://www.ikea.com/sa/en/p/lerhamn-chair-light-antique-stain-vittaryd-beige-20259423/,No,85,49,42,wood,114.55
Chairs,225,https://www.ikea.com/sa/en/p/ekedalen-chair-white-orrsta-light-grey-60341015/,No,95,51,43,plastic,157.5
Chairs,597,https://www.ikea.com/sa/en/p/poaeng-rocking-chair-black-brown-knisa-black-s19241537/,Yes,95,94,68,wood,441.78
Chairs,575,https://www.ikea.com/sa/en/p/buskbo-armchair-rattan-70434311/,No,42,63,72,wood,402.5
Chairs,425,https://www.ikea.com/sa/en/p/poaeng-armchair-birch-veneer-knisa-light-beige-s39240787/,Yes,100,82,68,plastic,340
Chairs,195,https://www.ikea.com/sa/en/p/leifarne-chair-dark-yellow-broringe-black-s09304196/,No,87,50,52,plastic,154.05
Chairs,1075,https://www.ikea.com/sa/en/p/havsten-easy-chair-in-outdoor-beige-s39251931/,No,90,94,83,plastic,752.5
Chairs,1425,https://www.ikea.com/sa/en/p/soederhamn-armchair-finnsta-turquoise-s59135648/,Yes,83,99,105,steel,1068.75
Chairs,1345,https://www.ikea.com/sa/en/p/vedbo-high-back-armchair-gunnared-light-brown-pink-10423589/,Yes,108,85,80,steel,941.5
Chairs,295,https://www.ikea.com/sa/en/p/hemnes-bench-with-shoe-storage-white-00243800/,No,65,32,85,plastic,218.3
Chairs,99,https://www.ikea.com/sa/en/p/bekvaem-step-stool-white-40178888/,No,50,39,43,plastic,78.21
Chairs,225,https://www.ikea.com/sa/en/p/henriksdal-chair-frame-white-00141689/,Yes,97,58,51,wood,173.25
Chairs,795,https://www.ikea.com/sa/en/p/svenarne-chair-with-armrests-tallmyra-beige-30427341/,No,99,69,59,wood,620.1
Chairs,175,https://www.ikea.com/sa/en/p/sakarias-stool-frame-black-60463498/,No,49,51,39,wood,138.25
Chairs,150,https://www.ikea.com/sa/en/p/fanbyn-chair-frame-brown-wood-effect-00385069/,No,45,50,50,wood,108
Chairs,57,https://www.ikea.com/sa/en/p/vilto-step-stool-birch-60344453/,No,25,32,40,plastic,42.75
Chairs,149,https://www.ikea.com/sa/en/p/franklin-bar-stool-with-backrest-foldable-black-black-60406785/,No,103,44,52,wood,105.79
Chairs,195,https://www.ikea.com/sa/en/p/svenbertil-chair-black-broringe-black-s99197696/,Yes,84,50,52,wood,150.15
Chairs,260,https://www.ikea.com/sa/en/p/norraryd-chair-white-70273092/,No,83,51,47,wood,187.2
Chairs,345,https://www.ikea.com/sa/en/p/ekedalen-bar-stool-with-backrest-white-orrsta-light-grey-00400545/,No,114,51,43,wood,241.5
Chairs,1500,https://www.ikea.com/sa/en/p/delaktig-platform-armchair-gunnared-light-brown-pink-s19289341/,Yes,45,84,94,steel,1200
Chairs,595,https://www.ikea.com/sa/en/p/karlhugo-chair-oak-nordvalla-dark-grey-80403516/,No,89,58,49,plastic,428.4
Chairs,1948,https://www.ikea.com/sa/en/p/vallentuna-sofa-bed-module-with-backrests-hillared-light-blue-s89277486/,Yes,84,93,113,plastic,1383.08
Chairs,1445,https://www.ikea.com/sa/en/p/hattefjaell-office-chair-with-armrests-smidig-black-black-s89305205/,No,110,68,68,plastic,1069.3
Chairs,995,https://www.ikea.com/sa/en/p/groenlid-armchair-inseros-white-s19275909/,Yes,90,84,87,steel,726.35
Chairs,1468,https://www.ikea.com/sa/en/p/vallentuna-seat-module-with-backrest-hillared-dark-grey-s09276971/,Yes,84,93,113,steel,1130.36
Chairs,275,https://www.ikea.com/sa/en/p/leifarne-chair-with-armrests-dark-yellow-dietmar-white-s59304207/,No,87,50,53,plastic,203.5
Chairs,636,https://www.ikea.com/sa/en/p/nordmela-chest-of-4-drawers-black-blue-10421665/,No,50,44,159,wood,445.2
Chairs,175,https://www.ikea.com/sa/en/p/boerje-chair-brown-gobo-white-20182278/,No,100,55,44,wood,140
Chairs,945,https://www.ikea.com/sa/en/p/gistad-recliner-idekulla-dark-red-40466389/,Yes,96,84,66,steel,727.65
Chairs,382,https://www.ikea.com/sa/en/p/poaeng-armchair-black-brown-knisa-black-s59240828/,Yes,100,82,68,wood,278.86
Chairs,100,https://www.ikea.com/sa/en/p/langfjaell-pair-of-armrests-black-50320565/,Yes,32,27,15,plastic,71
Chairs,225,https://www.ikea.com/sa/en/p/ekedalen-chair-dark-brown-orrsta-light-grey-80340760/,No,95,51,43,wood,164.25
Chairs,1995,https://www.ikea.com/sa/en/p/landskrona-armchair-grann-bomstad-black-metal-s49031774/,Yes,78,89,89,wood,1456.35
Chairs,2350,https://www.ikea.com/sa/en/p/delaktig-armchair-gunnared-beige-s69289008/,Yes,79,84,94,steel,1739
Chairs,2500,https://www.ikea.com/sa/en/p/landskrona-chaise-longue-add-on-unit-grann-bomstad-golden-brown-wood-s79269180/,Yes,78,158,78,wood,1800
Chairs,225,https://www.ikea.com/sa/en/p/nordviken-chair-black-40369109/,Yes,97,56,44,wood,173.25
Chairs,395,https://www.ikea.com/sa/en/p/norraker-bar-stool-with-backrest-birch-20429010/,Yes,100,48,42,wood,300.2
Chairs,375,https://www.ikea.com/sa/en/p/kornsjoe-storage-bench-black-90471581/,No,51,47,70,wood,266.25
Chairs,99,https://www.ikea.com/sa/en/p/bekvaem-step-stool-black-30178884/,No,50,39,43,plastic,69.3
Chairs,95,https://www.ikea.com/sa/en/p/tranaroe-stool-side-table-in-outdoor-red-10411421/,No,43,41,56,plastic,71.25
Chairs,129,https://www.ikea.com/sa/en/p/franklin-bar-stool-with-backrest-foldable-black-black-50406465/,No,95,44,50,steel,100.62
Chairs,195,https://www.ikea.com/sa/en/p/agam-junior-chair-black-70253541/,No,79,43,41,wood,144.3
Chairs,1395,https://www.ikea.com/sa/en/p/muren-recliner-nordvalla-beige-90299029/,Yes,97,94,85,steel,976.5
Chairs,195,https://www.ikea.com/sa/en/p/leifarne-chair-dark-yellow-broringe-chrome-plated-s29304204/,No,82,52,52,plastic,138.45
Chairs,295,https://www.ikea.com/sa/en/p/henriksdal-chair-dark-brown-orrsta-light-grey-s49220374/,Yes,97,58,51,wood,236
Chairs,695,https://www.ikea.com/sa/en/p/henriksdal-bar-stool-with-backrest-brown-black-glose-black-90319918/,No,102,51,40,wood,507.35
Chairs,260,https://www.ikea.com/sa/en/p/norraryd-chair-black-40280843/,No,83,51,47,wood,184.6
Chairs,1700,https://www.ikea.com/sa/en/p/vimle-chaise-longue-gunnared-medium-grey-s19298265/,Yes,83,164,111,plastic,1360
Chairs,85,https://www.ikea.com/sa/en/p/antilop-highchair-with-safety-belt-white-silver-colour-s89041709/,No,90,59,56,plastic,68
Chairs,195,https://www.ikea.com/sa/en/p/agam-junior-chair-white-90253535/,No,79,43,41,wood,154.05
Chairs,180,https://www.ikea.com/sa/en/p/janinge-chair-yellow-60246080/,No,76,46,50,plastic,135
Chairs,145,https://www.ikea.com/sa/en/p/lerhamn-chair-black-brown-vittaryd-beige-70264281/,No,85,49,42,plastic,105.85
Chairs,177,https://www.ikea.com/sa/en/p/frekvens-bar-stool-with-backrest-in-outdoor-black-50420329/,No,104,53,43,steel,130.98
Chairs,395,https://www.ikea.com/sa/en/p/ingolf-bar-stool-with-backrest-white-00121766/,No,102,45,40,wood,296.25
Chairs,1220,https://www.ikea.com/sa/en/p/havsten-armchair-in-outdoor-beige-s39251926/,No,90,94,98,plastic,890.6
Chairs,84,https://www.ikea.com/sa/en/p/raskog-stool-black-60351900/,No,45,44,44,steel,65.52
Chairs,84,https://www.ikea.com/sa/en/p/raskog-stool-beige-80308393/,No,45,44,44,steel,63
Chairs,95,https://www.ikea.com/sa/en/p/broringe-underframe-white-90339902/,No,45,50,52,steel,72.2
Chairs,125,https://www.ikea.com/sa/en/p/nominell-pair-of-armrests-black-90200269/,No,29,28,23,steel,88.75
Chairs,110,https://www.ikea.com/sa/en/p/langur-seat-shell-for-highchair-white-10330811/,No,40,37,35,plastic,82.5
Chairs,275,https://www.ikea.com/sa/en/p/leifarne-chair-with-armrests-dark-yellow-dietmar-chrome-plated-s19304209/,No,87,50,53,plastic,214.5
Chairs,149,https://www.ikea.com/sa/en/p/franklin-bar-stool-with-backrest-foldable-white-white-90404879/,No,103,44,52,steel,105.79
Chairs,695,https://www.ikea.com/sa/en/p/vedbo-chair-with-armrests-black-gunnared-dark-grey-80403154/,No,84,61,65,plastic,535.15
Chairs,445,https://www.ikea.com/sa/en/p/ingatorp-chair-with-armrests-white-nordvalla-beige-90246291/,Yes,99,63,57,wood,311.5
Chairs,400,https://www.ikea.com/sa/en/p/langur-junior-highchair-with-tray-white-s49252553/,No,87,61,56,plastic,304
Chairs,220,https://www.ikea.com/sa/en/p/ingolf-junior-chair-antique-stain-60353838/,No,77,45,41,wood,154
Chairs,145,https://www.ikea.com/sa/en/p/maesterby-step-stool-beige-40332074/,No,50,40,43,plastic,116
Chairs,995,https://www.ikea.com/sa/en/p/vattviken-armchair-bed-lerhaga-light-grey-50468953/,No,86,83,92,steel,736.3
Chairs,595,https://www.ikea.com/sa/en/p/janinge-bar-stool-white-70246089/,No,84,36,38,plastic,422.45
Chairs,327,https://www.ikea.com/sa/en/p/veberoed-bench-natural-50343331/,No,53,45,88,plastic,235.44
Chairs,220,https://www.ikea.com/sa/en/p/stoljan-conference-chair-white-black-s89907452/,Yes,81,51,45,steel,158.4
Chairs,35,https://www.ikea.com/sa/en/p/langur-padded-seat-cover-for-junior-chair-grey-50346985/,No,36,60,56,plastic,27.3
Chairs,795,https://www.ikea.com/sa/en/p/ekeroe-armchair-kimstad-laglig-black-60262881/,No,75,73,70,steel,596.25
Chairs,1210,https://www.ikea.com/sa/en/p/poaeng-rocking-chair-black-brown-robust-glose-eggshell-s19900864/,Yes,95,94,68,steel,955.9
Chairs,2500,https://www.ikea.com/sa/en/p/lidhult-chaise-longue-lejde-grey-black-s99266128/,Yes,102,160,138,steel,2000
Chairs,295,https://www.ikea.com/sa/en/p/henriksdal-chair-with-long-cover-brown-blekinge-white-s09220842/,Yes,97,58,51,plastic,206.5
Chairs,1395,https://www.ikea.com/sa/en/p/landskrona-armchair-gunnared-light-green-metal-s29269724/,Yes,78,89,89,steel,976.5
Chairs,1210,https://www.ikea.com/sa/en/p/poaeng-rocking-chair-birch-veneer-robust-glose-dark-brown-s49861007/,Yes,95,94,68,steel,871.2
Chairs,95,https://www.ikea.com/sa/en/p/broringe-underframe-black-30339900/,No,45,50,52,steel,72.2
Chairs,3032,https://www.ikea.com/sa/en/p/lidhult-chaise-longue-grann-bomstad-dark-brown-s79266148/,No,102,160,138,steel,2425.6
Chairs,1300,https://www.ikea.com/sa/en/p/kivik-chaise-longue-skiftebo-dark-grey-s79305512/,Yes,83,163,90,steel,923
Chairs,395,https://www.ikea.com/sa/en/p/yngvar-chair-anthracite-80417636/,No,71,51,53,steel,296.25
Chairs,275,https://www.ikea.com/sa/en/p/nordviken-bar-stool-with-backrest-black-80369112/,No,101,47,40,wood,211.75
Chairs,89,https://www.ikea.com/sa/en/p/trogen-childrens-step-stool-yellow-80371520/,No,33,38,40,wood,68.53
Chairs,139,https://www.ikea.com/sa/en/p/flisat-childrens-bench-adjustable-80290779/,No,45,38,55,wood,108.42
Chairs,175,https://www.ikea.com/sa/en/p/raskog-bar-stool-black-30352246/,No,63,44,44,steel,133
Chairs,99,https://www.ikea.com/sa/en/p/nisse-folding-chair-high-gloss-white-chrome-plated-10115067/,No,76,47,45,steel,76.23
Chairs,345,https://www.ikea.com/sa/en/p/ekedalen-bar-stool-with-backrest-brown-orrsta-light-grey-00400550/,No,114,52,43,wood,276
Chairs,225,https://www.ikea.com/sa/en/p/ekedalen-chair-brown-orrsta-light-grey-80341019/,No,95,51,43,wood,168.75
Chairs,385,https://www.ikea.com/sa/en/p/stuva-foelja-storage-bench-white-s29180524/,No,50,50,90,wood,296.45
Chairs,134,https://www.ikea.com/sa/en/p/poaeng-childrens-armchair-frame-birch-veneer-80418056/,No,68,56,47,plastic,97.82
Chairs,145,https://www.ikea.com/sa/en/p/norraker-stool-birch-00428974/,No,45,29,45,wood,101.5
Chairs,295,https://www.ikea.com/sa/en/p/gamleby-chair-light-antique-stain-grey-60247051/,No,85,50,42,wood,233.05
Chairs,1740,https://www.ikea.com/sa/en/p/norsborg-chaise-longue-finnsta-dark-grey-birch-s29125410/,Yes,85,157,110,steel,1218
Chairs,395,https://www.ikea.com/sa/en/p/henriksdal-bar-stool-with-backrest-frame-dark-brown-40426138/,No,102,51,40,wood,276.5
Chairs,345,https://www.ikea.com/sa/en/p/ekedalen-bar-stool-with-backrest-dark-brown-orrsta-light-grey-10400540/,No,114,52,43,wood,262.2
Chairs,445,https://www.ikea.com/sa/en/p/glenn-bar-stool-white-chrome-plated-30135658/,Yes,100,52,50,plastic,347.1
Chairs,1196,https://www.ikea.com/sa/en/p/faerloev-armchair-flodafors-white-s49191705/,Yes,88,101,93,steel,908.96
Chairs,745,https://www.ikea.com/sa/en/p/bernhard-chair-chrome-plated-mjuk-golden-brown-50404824/,No,77,50,49,plastic,596
Chairs,595,https://www.ikea.com/sa/en/p/vedbo-chair-black-gunnared-dark-grey-60403150/,No,83,57,49,wood,452.2
Chairs,1195,https://www.ikea.com/sa/en/p/groenlid-armchair-kimstad-dark-brown-00399033/,No,90,84,87,steel,956
Chairs,2700,https://www.ikea.com/sa/en/p/delaktig-chaise-longue-with-armrest-gunnared-light-brown-pink-s09289327/,Yes,45,84,149,steel,2160
Chairs,150,https://www.ikea.com/sa/en/p/hattefjaell-pair-of-armrests-black-00429426/,Yes,64,23,4,plastic,105
Chairs,2600,https://www.ikea.com/sa/en/p/kivik-chaise-longue-grann-bomstad-black-10198604/,No,83,163,90,steel,2054
Chairs,95,https://www.ikea.com/sa/en/p/broringe-underframe-chrome-plated-10288628/,No,45,50,52,steel,68.4
Chairs,545,https://www.ikea.com/sa/en/p/gruvbyn-chair-brown-nordvalla-dark-beige-10471085/,No,107,59,51,wood,397.85
Chairs,275,https://www.ikea.com/sa/en/p/svenbertil-chair-with-armrests-white-dietmar-chrome-plated-s19197704/,Yes,84,50,53,plastic,211.75
Chairs,745,https://www.ikea.com/sa/en/p/bernhard-chair-chrome-plated-kavat-mjuk-white-20153068/,No,77,50,49,plastic,521.5
Chairs,375,https://www.ikea.com/sa/en/p/blames-highchair-with-tray-black-50165079/,No,93,53,52,plastic,273.75
Chairs,345,https://www.ikea.com/sa/en/p/tobias-chair-blue-chrome-plated-60334722/,No,82,56,55,plastic,248.4
Chairs,175,https://www.ikea.com/sa/en/p/volfgang-stool-chrome-plated-gunnared-dark-grey-70465538/,No,85,43,53,steel,134.75
Chairs,225,https://www.ikea.com/sa/en/p/janinge-chair-with-armrests-white-80280515/,No,76,46,54,plastic,180
Chairs,545,https://www.ikea.com/sa/en/p/gruvbyn-chair-brown-nordvalla-dark-grey-90471086/,No,107,59,51,wood,430.55
Chairs,375,https://www.ikea.com/sa/en/p/volfgang-chair-chrome-plated-bomstad-black-90402352/,No,90,53,50,steel,266.25
Chairs,225,https://www.ikea.com/sa/en/p/urban-junior-chair-white-00165213/,No,79,48,45,plastic,180
Chairs,395,https://www.ikea.com/sa/en/p/norraryd-bar-stool-with-backrest-black-00397736/,No,103,47,46,wood,312.05
Chairs,375,https://www.ikea.com/sa/en/p/volfgang-chair-chrome-plated-gunnared-medium-grey-80404672/,No,90,53,50,steel,281.25
Chairs,345,https://www.ikea.com/sa/en/p/langur-junior-highchair-white-s09252593/,No,87,61,56,wood,251.85
Chairs,595,https://www.ikea.com/sa/en/p/janinge-bar-stool-grey-10281354/,No,84,36,38,wood,416.5
Chairs,225,https://www.ikea.com/sa/en/p/janinge-chair-white-00246078/,No,76,46,50,wood,159.75
Chairs,745,https://www.ikea.com/sa/en/p/bernhard-bar-stool-with-backrest-chrome-plated-mjuk-kavat-white-00272656/,No,90,50,48,steel,558.75
Chairs,235,https://www.ikea.com/sa/en/p/langur-junior-chair-white-s19252615/,No,82,61,56,wood,183.3
Chairs,325,https://www.ikea.com/sa/en/p/norrnaes-chair-white-isunda-grey-50185303/,Yes,95,53,42,wood,227.5
Chairs,275,https://www.ikea.com/sa/en/p/ingolf-junior-chair-white-90146456/,No,77,45,41,wood,195.25
Chairs,399,https://www.ikea.com/sa/en/p/yngvar-chair-red-00417635/,No,71,51,53,steel,311.22
Chairs,745,https://www.ikea.com/sa/en/p/bernhard-chair-chrome-plated-kavat-mjuk-dark-brown-20163802/,No,77,50,49,steel,521.5
Chairs,145,https://www.ikea.com/sa/en/p/maesterby-step-stool-brown-red-50402325/,No,50,40,43,plastic,116
Chairs,210,https://www.ikea.com/sa/en/p/balsberget-chair-frame-swivel-white-80308675/,No,38,69,69,plastic,151.2
Chairs,145,https://www.ikea.com/sa/en/p/ernfrid-underframe-birch-silver-colour-00287974/,No,46,51,48,plastic,110.2
Chairs,595,https://www.ikea.com/sa/en/p/henriksdal-chair-dark-brown-glose-black-00380948/,No,97,58,51,steel,464.1
Chairs,995,https://www.ikea.com/sa/en/p/poaeng-armchair-birch-veneer-robust-glose-eggshell-s19830588/,Yes,100,82,68,steel,776.1
Chairs,175,https://www.ikea.com/sa/en/p/raskog-bar-stool-beige-30308395/,No,63,44,44,steel,131.25
Chairs,435,https://www.ikea.com/sa/en/p/henriksdal-bar-stool-with-backrest-brown-black-graesbo-white-s39184324/,No,102,51,40,wood,339.3
Chairs,2200,https://www.ikea.com/sa/en/p/groenlid-chaise-longue-kimstad-dark-brown-s39256599/,No,104,164,117,steel,1540
Chairs,175,https://www.ikea.com/sa/en/p/dietmar-underframe-for-chair-with-armrests-white-50393000/,No,65,50,53,steel,136.5
Chairs,995,https://www.ikea.com/sa/en/p/poaeng-armchair-black-brown-robust-glose-dark-brown-s59829125/,Yes,100,82,68,steel,796
Chairs,175,https://www.ikea.com/sa/en/p/dietmar-underframe-for-chair-with-armrests-chrome-plated-70288630/,No,65,50,53,steel,136.5
Tables & desks,475,https://www.ikea.com/sa/en/p/malm-desk-white-60214159/,Yes,73,65,140,wood,370.5
Tables & desks,80,https://www.ikea.com/sa/en/p/skadis-pegboard-combination-white-s19216694/,No,56,12,36,plastic,64
Tables & desks,276,https://www.ikea.com/sa/en/p/micke-desk-white-80213074/,Yes,75,50,105,wood,204.24
Tables & desks,375,https://www.ikea.com/sa/en/p/malm-dressing-table-white-10203610/,Yes,78,41,120,wood,262.5
Tables & desks,175,https://www.ikea.com/sa/en/p/micke-desk-white-30213076/,Yes,75,50,73,plastic,133
Tables & desks,39,https://www.ikea.com/sa/en/p/knarrevik-bedside-table-black-30381183/,No,45,28,37,steel,29.64
Tables & desks,159,https://www.ikea.com/sa/en/p/vittsjoe-laptop-table-black-brown-glass-80221352/,No,74,36,100,steel,116.07
Tables & desks,129,https://www.ikea.com/sa/en/p/vittsjoe-laptop-stand-black-brown-glass-00250249/,No,65,55,35,steel,98.04
Tables & desks,450,https://www.ikea.com/sa/en/p/kallax-desk-combination-white-stained-oak-effect-white-s19222299/,Yes,147,159,77,wood,346.5
Tables & desks,625,https://www.ikea.com/sa/en/p/lillasen-desk-bamboo-90278277/,No,74,32,49,wood,443.75
Tables & desks,395,https://www.ikea.com/sa/en/p/micke-desk-white-90214308/,Yes,75,50,142,wood,284.4
Tables & desks,295,https://www.ikea.com/sa/en/p/fjaellbo-laptop-table-black-30339735/,No,75,36,100,wood,215.35
Tables & desks,545,https://www.ikea.com/sa/en/p/lommarp-desk-light-beige-90442824/,Yes,90,54,90,wood,381.5
Tables & desks,451,https://www.ikea.com/sa/en/p/micke-desk-white-s09903014/,Yes,140,50,105,wood,320.21
Tables & desks,95,https://www.ikea.com/sa/en/p/smagoera-shelf-unit-white-30465489/,No,88,25,29,wood,75.05
Tables & desks,200,https://www.ikea.com/sa/en/p/alex-add-on-unit-white-20260718/,No,10,27,120,wood,160
Tables & desks,595,https://www.ikea.com/sa/en/p/hemnes-dressing-table-with-mirror-white-30374413/,No,159,50,100,wood,470.05
Tables & desks,795,https://www.ikea.com/sa/en/p/alex-desk-blue-90409607/,Yes,76,60,131,plastic,564.45
Tables & desks,175,https://www.ikea.com/sa/en/p/stuva-bench-white-30128629/,No,50,50,90,plastic,127.75
Tables & desks,89,https://www.ikea.com/sa/en/p/kullen-chest-of-2-drawers-black-brown-60322130/,No,49,40,35,wood,62.3
Tables & desks,795,https://www.ikea.com/sa/en/p/hemnes-desk-with-2-drawers-white-stain-90363223/,Yes,75,47,120,wood,628.05
Tables & desks,125,https://www.ikea.com/sa/en/p/pahl-desk-top-shelf-white-green-60306494/,No,60,17,64,plastic,91.25
Tables & desks,645,https://www.ikea.com/sa/en/p/malm-desk-with-pull-out-panel-black-brown-60214183/,Yes,73,65,151,wood,503.1
Tables & desks,155,https://www.ikea.com/sa/en/p/brimnes-bedside-table-white-10234942/,No,53,41,39,wood,120.9
Tables & desks,225,https://www.ikea.com/sa/en/p/hemnes-bedside-table-white-00374297/,Yes,70,35,46,wood,175.5
Tables & desks,245,https://www.ikea.com/sa/en/p/nordkisa-bedside-table-bamboo-60447677/,No,67,40,40,wood,178.85
Tables & desks,345,https://www.ikea.com/sa/en/p/brimnes-dressing-table-white-70290459/,No,77,42,70,wood,248.4
Tables & desks,10,https://www.ikea.com/sa/en/p/isberget-tablet-stand-white-20302596/,Yes,9,25,25,plastic,7.2
Tables & desks,225,https://www.ikea.com/sa/en/p/norberg-wall-mounted-drop-leaf-table-white-30180504/,No,43,60,74,wood,180
Tables & desks,295,https://www.ikea.com/sa/en/p/brusali-desk-brown-30302299/,No,73,52,90,wood,227.15
Tables & desks,295,https://www.ikea.com/sa/en/p/nikkeby-chest-of-2-drawers-grey-green-30439457/,No,70,49,46,wood,218.3
Tables & desks,750,https://www.ikea.com/sa/en/p/tyssedal-dressing-table-white-20359984/,No,86,51,120,wood,555
Tables & desks,175,https://www.ikea.com/sa/en/p/trysil-bedside-table-white-light-grey-30236025/,No,53,40,45,wood,122.5
Tables & desks,325,https://www.ikea.com/sa/en/p/brusali-corner-desk-brown-50304990/,No,73,73,120,wood,253.5
Tables & desks,100,https://www.ikea.com/sa/en/p/pahl-add-on-unit-white-green-30306495/,Yes,39,17,64,plastic,74
Tables & desks,476,https://www.ikea.com/sa/en/p/nordkisa-dressing-table-bamboo-20439472/,No,79,47,76,wood,333.2
Tables & desks,745,https://www.ikea.com/sa/en/p/kornsjoe-cabinet-with-mirror-black-10455410/,No,187,47,70,wood,581.1
Tables & desks,15,https://www.ikea.com/sa/en/p/braeda-laptop-support-black-60150176/,Yes,9,31,42,plastic,10.5
Tables & desks,195,https://www.ikea.com/sa/en/p/kornsjoe-side-table-black-70455412/,No,63,35,50,plastic,144.3
Tables & desks,175,https://www.ikea.com/sa/en/p/askvoll-chest-of-2-drawers-white-stained-oak-effect-white-20270816/,No,48,41,41,wood,133
Tables & desks,345,https://www.ikea.com/sa/en/p/alex-drawer-unit-blue-40410340/,Yes,70,58,36,wood,269.1
Tables & desks,695,https://www.ikea.com/sa/en/p/kullaberg-desk-pine-black-s69162599/,No,75,70,110,wood,507.35
Tables & desks,87,https://www.ikea.com/sa/en/p/vilto-storage-stool-birch-40344449/,No,45,30,48,wood,60.9
Tables & desks,165,https://www.ikea.com/sa/en/p/malm-chest-of-2-drawers-white-80214549/,Yes,55,48,40,wood,117.15
Tables & desks,69,https://www.ikea.com/sa/en/p/byllan-laptop-support-ebbarp-black-white-70403512/,Yes,8,38,51,plastic,53.13
Tables & desks,99,https://www.ikea.com/sa/en/p/viggja-tray-stand-white-70351481/,No,74,50,37,plastic,73.26
Tables & desks,620,https://www.ikea.com/sa/en/p/svalnaes-wall-mounted-workspace-combination-bamboo-s09184448/,No,176,35,86,wood,483.6
Tables & desks,925,https://www.ikea.com/sa/en/p/tyssedal-dressing-table-with-mirror-white-s69261882/,No,144,51,120,wood,647.5
Tables & desks,45,https://www.ikea.com/sa/en/p/lerberg-trestle-grey-80130776/,Yes,70,39,60,wood,32.85
Tables & desks,895,https://www.ikea.com/sa/en/p/besta-burs-desk-high-gloss-white-70245339/,No,74,40,120,wood,635.45
Tables & desks,595,https://www.ikea.com/sa/en/p/syvde-dressing-table-white-80430746/,No,78,48,100,wood,470.05
Tables & desks,595,https://www.ikea.com/sa/en/p/arkelstorp-window-table-black-90278588/,Yes,75,40,80,wood,440.3
Tables & desks,59,https://www.ikea.com/sa/en/p/oensklig-stor-baskets-changing-tbl-set-of-4-white-30199283/,No,26,23,27,wood,44.25
Tables & desks,155,https://www.ikea.com/sa/en/p/songesand-bedside-table-brown-70367444/,No,55,40,42,wood,108.5
Tables & desks,745,https://www.ikea.com/sa/en/p/lisabo-desk-ash-veneer-30299070/,No,74,45,118,wood,596
Tables & desks,159,https://www.ikea.com/sa/en/p/setskog-bedside-table-white-40320349/,No,65,35,45,steel,120.84
Tables & desks,556,https://www.ikea.com/sa/en/p/knotten-standing-desk-white-birch-30299485/,No,105,48,62,wood,394.76
Tables & desks,1389,https://www.ikea.com/sa/en/p/bekant-storage-unit-with-smart-lock-mesh-black-s29286931/,Yes,101,45,61,plastic,1027.86
Tables & desks,325,https://www.ikea.com/sa/en/p/tyssedal-bedside-table-white-70299959/,No,59,40,51,wood,260
Tables & desks,175,https://www.ikea.com/sa/en/p/micke-add-on-unit-high-white-90180025/,Yes,65,16,105,wood,124.25
Tables & desks,75,https://www.ikea.com/sa/en/p/oddvald-trestle-black-10118971/,No,70,70,42,plastic,57.75
Tables & desks,1196,https://www.ikea.com/sa/en/p/hemnes-desk-black-brown-60245721/,Yes,74,65,155,wood,908.96
Tables & desks,295,https://www.ikea.com/sa/en/p/slaekt-storage-box-with-castors-80362974/,No,35,53,62,wood,209.45
Tables & desks,95,https://www.ikea.com/sa/en/p/tranaroe-stool-side-table-in-outdoor-red-10411421/,No,43,41,56,plastic,70.3
Tables & desks,25,https://www.ikea.com/sa/en/p/godvin-leg-white-50200271/,No,70,3,4,plastic,19
Tables & desks,80,https://www.ikea.com/sa/en/p/eket-wall-mounted-shelving-unit-red-s99286254/,Yes,35,25,35,plastic,60
Tables & desks,370,https://www.ikea.com/sa/en/p/smagoera-changing-tbl-bookshelf-w-1-shlf-ut-white-s99323614/,No,91,40,60,wood,262.7
Tables & desks,275,https://www.ikea.com/sa/en/p/alex-storage-unit-white-60192826/,No,70,58,36,wood,192.5
Tables & desks,275,https://www.ikea.com/sa/en/p/smagoera-changing-table-bookshelf-white-50460886/,No,91,40,60,wood,217.25
Tables & desks,395,https://www.ikea.com/sa/en/p/bjoerksnaes-bedside-table-birch-70407360/,No,8,38,48,wood,284.4
Tables & desks,905,https://www.ikea.com/sa/en/p/bekant-storage-unit-on-castors-mesh-white-s79282426/,Yes,61,45,41,steel,714.95
Tables & desks,375,https://www.ikea.com/sa/en/p/hemnes-chest-of-2-drawers-white-50374271/,Yes,66,38,54,wood,270
Tables & desks,1495,https://www.ikea.com/sa/en/p/bekant-shelving-unit-black-10373495/,Yes,134,45,121,steel,1166.1
Tables & desks,345,https://www.ikea.com/sa/en/p/klimpen-table-leg-with-storage-grey-light-grey-10353765/,Yes,70,33,58,wood,272.55
Tables & desks,395,https://www.ikea.com/sa/en/p/tyssedal-storage-stool-white-70359986/,No,45,42,70,wood,312.05
Tables & desks,939,https://www.ikea.com/sa/en/p/bekant-storage-unit-with-smart-lock-mesh-white-s89286513/,Yes,61,45,41,wood,732.42
Tables & desks,200,https://www.ikea.com/sa/en/p/klimpen-add-on-unit-grey-light-grey-00353761/,Yes,23,23,58,wood,140
Tables & desks,945,https://www.ikea.com/sa/en/p/arkelstorp-desk-black-60261037/,No,74,70,140,wood,746.55
Tables & desks,810,https://www.ikea.com/sa/en/p/stuva-fritids-changing-table-with-drawers-white-white-s69253146/,Yes,102,79,90,wood,639.9
Tables & desks,695,https://www.ikea.com/sa/en/p/ingatorp-desk-white-00361940/,Yes,74,50,73,wood,535.15
Tables & desks,395,https://www.ikea.com/sa/en/p/vikhammer-bedside-table-black-90388978/,No,7,39,60,wood,304.15
Tables & desks,545,https://www.ikea.com/sa/en/p/stuva-changing-table-desk-white-20225334/,No,102,79,90,wood,408.75
Tables & desks,1255,https://www.ikea.com/sa/en/p/bekant-storage-unit-on-castors-mesh-white-s09282547/,Yes,101,45,61,steel,978.9
Tables & desks,755,https://www.ikea.com/sa/en/p/kallax-desk-combination-white-blue-s49133616/,Yes,147,159,147,wood,551.15
Tables & desks,1840,https://www.ikea.com/sa/en/p/svalnaes-wall-mounted-workspace-combination-bamboo-white-s49320774/,No,176,35,233,wood,1288
Tables & desks,1039,https://www.ikea.com/sa/en/p/bekant-storage-unit-with-smart-lock-mesh-white-s79286820/,Yes,101,45,41,wood,748.08
Tables & desks,94,https://www.ikea.com/sa/en/p/eket-wall-mounted-shelving-unit-white-s49285817/,Yes,35,35,35,wood,69.56
Tables & desks,425,https://www.ikea.com/sa/en/p/nordli-bedside-table-white-40219285/,No,67,50,30,wood,318.75
Tables & desks,1294,https://www.ikea.com/sa/en/p/bekant-storage-unit-on-legs-mesh-black-s99282538/,Yes,101,45,61,steel,957.56
Tables & desks,465,https://www.ikea.com/sa/en/p/smagoera-changing-tbl-bookshelf-w-2-shlf-ut-white-s09323623/,No,91,40,60,wood,372
Tables & desks,1795,https://www.ikea.com/sa/en/p/skogstorp-dining-table-oak-white-40426275/,No,78,75,155,wood,1256.5
Tables & desks,844,https://www.ikea.com/sa/en/p/bekant-storage-unit-on-legs-mesh-black-s69282399/,Yes,61,45,41,steel,590.8
Tables & desks,1105,https://www.ikea.com/sa/en/p/bekant-storage-unit-on-castors-mesh-black-s29282532/,Yes,101,45,41,steel,817.7
Tables & desks,795,https://www.ikea.com/sa/en/p/gulliver-changing-table-white-20307037/,No,93,54,82,wood,564.45
Tables & desks,825,https://www.ikea.com/sa/en/p/stuva-foelja-changing-table-with-4-drawers-white-s39180830/,No,102,79,90,wood,651.75
Tables & desks,660,https://www.ikea.com/sa/en/p/svalnaes-wall-mounted-storage-combination-bamboo-s29221765/,No,176,35,86,wood,501.6
Tables & desks,1350,https://www.ikea.com/sa/en/p/bekant-storage-unit-with-smart-lock-mesh-white-s59286963/,Yes,101,45,61,steel,972
Tables & desks,495,https://www.ikea.com/sa/en/p/klimpen-drawer-unit-grey-light-grey-60353763/,No,70,58,33,wood,356.4
Tables & desks,1044,https://www.ikea.com/sa/en/p/bekant-storage-unit-on-legs-mesh-black-s69282525/,Yes,101,45,41,steel,772.56
Tables & desks,1830,https://www.ikea.com/sa/en/p/svalnaes-wall-mounted-workspace-combination-bamboo-white-s79320758/,No,176,35,213,wood,1335.9
Tables & desks,1000,https://www.ikea.com/sa/en/p/bekant-storage-unit-with-smart-lock-mesh-black-s89286805/,Yes,61,45,41,steel,780
Tables & desks,1245,https://www.ikea.com/sa/en/p/svalnaes-wall-mounted-workspace-combination-bamboo-white-s79320744/,No,176,35,150,wood,908.85
Tables & desks,1100,https://www.ikea.com/sa/en/p/bekant-storage-unit-with-smart-lock-mesh-white-s39286898/,Yes,101,45,41,steel,869
Wardrobes,345,https://www.ikea.com/sa/en/p/rakkestad-wardrobe-with-2-doors-black-brown-50453758/,No,176,55,79,wood,265.65
Wardrobes,840,https://www.ikea.com/sa/en/p/pax-wardrobe-combination-white-s29385672/,Yes,201,58,150,steel,596.4
Wardrobes,495,https://www.ikea.com/sa/en/p/smagoera-wardrobe-white-10460888/,No,187,50,80,wood,381.15
Wardrobes,1195,https://www.ikea.com/sa/en/p/pax-forsand-vikedal-wardrobe-combination-black-brown-mirror-glass-s19329304/,Yes,201,60,150,wood,908.2
Wardrobes,1259,https://www.ikea.com/sa/en/p/platsa-wardrobe-with-2-doors-3-drawers-white-fonnes-white-s59336270/,No,181,42,160,steel,956.84
Wardrobes,892,https://www.ikea.com/sa/en/p/platsa-wardrobe-with-3-doors-white-fonnes-white-s19323929/,No,161,42,140,wood,713.6
Wardrobes,449,https://www.ikea.com/sa/en/p/kleppstad-wardrobe-with-3-doors-white-00441758/,No,176,55,117,wood,314.3
Wardrobes,645,https://www.ikea.com/sa/en/p/brimnes-wardrobe-with-3-doors-white-40407922/,No,190,50,117,wood,483.75
Wardrobes,349,https://www.ikea.com/sa/en/p/kleppstad-wardrobe-with-2-doors-white-80437234/,No,176,55,79,plastic,272.22
Wardrobes,2740,https://www.ikea.com/sa/en/p/platsa-wardrobe-with-7-doors-3-drawers-white-sannidal-ridabu-s69304909/,No,221,57,240,steel,2027.6
Wardrobes,49,https://www.ikea.com/sa/en/p/vuku-wardrobe-white-80331973/,No,149,51,74,plastic,37.24
Wardrobes,1510,https://www.ikea.com/sa/en/p/pax-wardrobe-white-forsand-white-s49246468/,Yes,201,60,150,wood,1177.8
Wardrobes,475,https://www.ikea.com/sa/en/p/brimnes-wardrobe-with-2-doors-white-40400478/,No,190,50,78,wood,380
Wardrobes,1280,https://www.ikea.com/sa/en/p/pax-wardrobe-white-s69128567/,Yes,201,58,175,wood,934.4
Wardrobes,2805,https://www.ikea.com/sa/en/p/pax-wardrobe-white-bergsbo-frosted-glass-s79128821/,Yes,201,60,200,steel,2019.6
Wardrobes,425,https://www.ikea.com/sa/en/p/stuva-fritids-wardrobe-white-white-s39252756/,Yes,128,50,60,plastic,314.5
Wardrobes,395,https://www.ikea.com/sa/en/p/godishus-wardrobe-white-50422494/,No,178,51,60,wood,296.25
Wardrobes,1590,https://www.ikea.com/sa/en/p/pax-wardrobe-white-hasvik-white-s79180593/,Yes,236,66,200,steel,1176.6
Wardrobes,2770,https://www.ikea.com/sa/en/p/pax-wardrobe-white-s29128357/,Yes,201,58,300,steel,2105.2
Wardrobes,795,https://www.ikea.com/sa/en/p/songesand-wardrobe-brown-60375133/,No,191,60,120,plastic,588.3
Wardrobes,1870,https://www.ikea.com/sa/en/p/pax-wardrobe-white-auli-mirror-glass-s79305734/,No,236,44,150,wood,1383.8
Wardrobes,1060,https://www.ikea.com/sa/en/p/pax-wardrobe-white-forsand-white-s49025589/,Yes,201,60,150,wood,763.2
Wardrobes,2620,https://www.ikea.com/sa/en/p/platsa-wardrobe-white-sannidal-ridabu-s79252108/,No,231,57,220,wood,1938.8
Wardrobes,428,https://www.ikea.com/sa/en/p/platsa-wardrobe-white-fonnes-white-s79203815/,No,181,42,60,plastic,316.72
Wardrobes,1870,https://www.ikea.com/sa/en/p/pax-wardrobe-black-brown-forsand-black-brown-stained-ash-effect-s29286078/,Yes,201,60,250,wood,1458.6
Wardrobes,865,https://www.ikea.com/sa/en/p/pax-wardrobe-white-s29128442/,Yes,201,58,200,wood,666.05
Wardrobes,5380,https://www.ikea.com/sa/en/p/pax-wardrobe-white-s19300107/,No,236,210,275,steel,3981.2
Wardrobes,1675,https://www.ikea.com/sa/en/p/pax-wardrobe-white-hasvik-white-s29180581/,No,236,66,150,wood,1239.5
Wardrobes,800,https://www.ikea.com/sa/en/p/pax-wardrobe-black-brown-forsand-vikedal-s79285991/,No,201,60,75,plastic,624
Wardrobes,758,https://www.ikea.com/sa/en/p/platsa-wardrobe-with-shoe-shelf-white-vaerd-white-s99305851/,No,191,42,80,plastic,545.76
Wardrobes,2265,https://www.ikea.com/sa/en/p/pax-wardrobe-white-mehamn-auli-s39305745/,No,236,44,200,wood,1630.8
Wardrobes,2296,https://www.ikea.com/sa/en/p/platsa-wardrobe-white-fonnes-white-s79248588/,No,251,57,240,wood,1607.2
Wardrobes,995,https://www.ikea.com/sa/en/p/nordkisa-open-wardrobe-with-sliding-door-bamboo-00439468/,No,186,47,120,wood,796
Wardrobes,645,https://www.ikea.com/sa/en/p/busunge-wardrobe-white-20305707/,No,139,52,80,wood,464.4
Wardrobes,875,https://www.ikea.com/sa/en/p/pax-wardrobe-white-bergsbo-white-s39127710/,Yes,236,60,100,wood,647.5
Wardrobes,895,https://www.ikea.com/sa/en/p/trysil-wardrobe-white-mirror-glass-10308787/,No,202,61,79,plastic,707.05
Wardrobes,2495,https://www.ikea.com/sa/en/p/pax-wardrobe-white-flisberget-light-beige-s39304128/,No,236,60,200,wood,1921.15
Wardrobes,1095,https://www.ikea.com/sa/en/p/sundvik-wardrobe-white-10269696/,No,171,50,80,wood,777.45
Wardrobes,1645,https://www.ikea.com/sa/en/p/visthus-wardrobe-grey-white-50347616/,No,216,59,122,wood,1283.1
Wardrobes,1870,https://www.ikea.com/sa/en/p/pax-wardrobe-white-auli-mirror-glass-s19303380/,No,236,44,150,wood,1439.9
Wardrobes,1800,https://www.ikea.com/sa/en/p/pax-wardrobe-white-bergsbo-white-s19127297/,Yes,236,60,150,wood,1404
Wardrobes,595,https://www.ikea.com/sa/en/p/syvde-cabinet-with-glass-doors-white-30439565/,No,123,48,100,wood,428.4
Wardrobes,1545,https://www.ikea.com/sa/en/p/stuva-fritids-wardrobe-white-white-s19275075/,Yes,192,50,120,wood,1220.55
Wardrobes,297.5,https://www.ikea.com/sa/en/p/hemnes-open-wardrobe-white-stained-80379620/,No,130,37,99,plastic,214.2
Wardrobes,1550,https://www.ikea.com/sa/en/p/pax-wardrobe-white-forsand-vikedal-s09303719/,No,236,38,150,wood,1162.5
Wardrobes,2205.5,https://www.ikea.com/sa/en/p/platsa-wardrobe-white-fonnes-sannidal-s29248369/,No,241,42,340,steel,1565.905
Wardrobes,675,https://www.ikea.com/sa/en/p/stuva-fritids-wardrobe-white-white-s19252856/,Yes,192,50,60,wood,499.5
Wardrobes,2140,https://www.ikea.com/sa/en/p/pax-wardrobe-black-brown-stained-ash-effect-black-brown-mehamn-black-brown-stained-ash-effect-s09305761/,No,236,66,200,steel,1647.8
Wardrobes,530,https://www.ikea.com/sa/en/p/pax-wardrobe-white-vikedal-mirror-glass-s69127493/,Yes,201,60,50,wood,408.1
Wardrobes,1772.5,https://www.ikea.com/sa/en/p/platsa-wardrobe-with-9-doors-white-fonnes-ridabu-s39298472/,No,221,42,260,wood,1347.1
Wardrobes,5260,https://www.ikea.com/sa/en/p/pax-wardrobe-white-tyssedal-tyssedal-glass-s29221652/,No,236,60,300,steel,4208
Wardrobes,1510,https://www.ikea.com/sa/en/p/pax-forsand-vikedal-wardrobe-combination-brown-stained-ash-effect-mirror-glass-s89329348/,No,236,60,150,wood,1102.3
Wardrobes,1545,https://www.ikea.com/sa/en/p/hemnes-wardrobe-with-2-sliding-doors-white-stain-50251270/,No,197,59,120,wood,1220.55
Wardrobes,895,https://www.ikea.com/sa/en/p/nordkisa-open-wardrobe-with-sliding-door-bamboo-30439476/,No,123,47,120,plastic,626.5
Wardrobes,1588,https://www.ikea.com/sa/en/p/platsa-wardrobe-white-fonnes-white-s19203781/,No,241,57,160,wood,1254.52
Wardrobes,830,https://www.ikea.com/sa/en/p/stuva-fritids-wardrobe-white-white-s29252912/,Yes,192,50,60,wood,664
Wardrobes,3460,https://www.ikea.com/sa/en/p/pax-wardrobe-white-mehamn-s39305788/,No,236,66,250,wood,2629.6
Wardrobes,1835,https://www.ikea.com/sa/en/p/pax-bergsbo-wardrobe-combination-white-frosted-glass-s59328897/,No,236,38,200,wood,1357.9
Wardrobes,2730,https://www.ikea.com/sa/en/p/pax-wardrobe-white-nykirke-frosted-glass-check-pattern-s89305719/,Yes,236,66,200,wood,2156.7
Wardrobes,2450,https://www.ikea.com/sa/en/p/pax-wardrobe-white-faervik-white-glass-s29167037/,No,236,44,200,wood,1886.5
Wardrobes,645,https://www.ikea.com/sa/en/p/busunge-wardrobe-light-pink-80229008/,No,139,52,80,plastic,457.95
Wardrobes,1560,https://www.ikea.com/sa/en/p/platsa-wardrobe-white-fonnes-white-s39248590/,No,251,57,140,wood,1107.6
Wardrobes,2865,https://www.ikea.com/sa/en/p/pax-corner-wardrobe-white-fardal-vikedal-s79303886/,No,236,87,160,wood,2234.7
Wardrobes,1055,https://www.ikea.com/sa/en/p/pax-wardrobe-white-forsand-vikedal-s99246588/,No,236,38,100,wood,833.45
Wardrobes,1516,https://www.ikea.com/sa/en/p/platsa-wardrobe-white-fonnes-white-s29203889/,No,261,57,140,wood,1167.32
Wardrobes,1030,https://www.ikea.com/sa/en/p/pax-wardrobe-black-brown-vikedal-mirror-glass-s29127777/,Yes,201,60,100,wood,762.2
Wardrobes,665,https://www.ikea.com/sa/en/p/pax-wardrobe-white-tyssedal-glass-s09171035/,No,236,38,49,plastic,518.7
Wardrobes,1960,https://www.ikea.com/sa/en/p/pax-wardrobe-white-fardal-vikedal-s99127608/,Yes,201,60,150,wood,1528.8
Wardrobes,624,https://www.ikea.com/sa/en/p/platsa-wall-storage-white-fonnes-white-s89325374/,No,40,42,240,wood,492.96
Wardrobes,4870,https://www.ikea.com/sa/en/p/pax-wardrobe-white-fardal-high-gloss-white-s39127395/,Yes,201,60,300,steel,3506.4
Wardrobes,1645,https://www.ikea.com/sa/en/p/tyssedal-wardrobe-white-mirror-glass-00298128/,No,208,58,88,wood,1233.75
Wardrobes,1815,https://www.ikea.com/sa/en/p/pax-wardrobe-black-brown-forsand-brown-stained-ash-effect-s79287612/,No,236,60,200,wood,1343.1
Wardrobes,2415,https://www.ikea.com/sa/en/p/pax-wardrobe-black-brown-undredal-black-s99096013/,No,236,60,200,steel,1883.7
Wardrobes,434,https://www.ikea.com/sa/en/p/elvarli-1-section-white-s29158212/,No,216,55,84,plastic,321.16
Wardrobes,6065,https://www.ikea.com/sa/en/p/pax-tyssedal-wardrobe-combination-white-white-glass-s49324946/,No,236,60,250,steel,4427.45
Wardrobes,1890,https://www.ikea.com/sa/en/p/pax-wardrobe-black-brown-black-brown-stained-ash-effect-mehamn-black-brown-stained-ash-effect-s89305795/,No,236,66,150,wood,1436.4
Wardrobes,445,https://www.ikea.com/sa/en/p/syvde-open-wardrobe-white-70439573/,No,123,48,80,wood,320.4
Wardrobes,2450,https://www.ikea.com/sa/en/p/pax-wardrobe-white-faervik-white-glass-s19305807/,No,236,44,200,wood,1788.5
Wardrobes,3540,https://www.ikea.com/sa/en/p/pax-wardrobe-white-mehamn-auli-s49305740/,No,236,66,250,wood,2548.8
Wardrobes,1260,https://www.ikea.com/sa/en/p/pax-wardrobe-white-grimo-vikedal-s29300121/,No,236,38,100,wood,945
Wardrobes,1525,https://www.ikea.com/sa/en/p/pax-wardrobe-white-s19227640/,Yes,201,58,150,wood,1174.25
Wardrobes,1388,https://www.ikea.com/sa/en/p/platsa-wardrobe-white-fonnes-sannidal-s89252117/,No,123,57,240,wood,1068.76
Wardrobes,1095,https://www.ikea.com/sa/en/p/sundvik-wardrobe-grey-brown-90269697/,No,171,50,80,wood,788.4
Wardrobes,597,https://www.ikea.com/sa/en/p/bryggja-storage-unit-dark-grey-90421911/,No,173,43,120,plastic,429.84
Wardrobes,2320,https://www.ikea.com/sa/en/p/pax-wardrobe-white-faervik-white-glass-s19305812/,No,236,66,150,wood,1809.6
Wardrobes,2190,https://www.ikea.com/sa/en/p/pax-wardrobe-white-auli-mirror-glass-s79306328/,No,201,66,150,wood,1533
Wardrobes,590,https://www.ikea.com/sa/en/p/pax-wardrobe-white-forsand-white-s39246911/,No,236,38,50,plastic,418.9
Wardrobes,1940,https://www.ikea.com/sa/en/p/pax-wardrobe-white-sekken-frosted-glass-s79305852/,No,236,44,150,wood,1377.4
Wardrobes,6585,https://www.ikea.com/sa/en/p/pax-wardrobe-black-brown-hamnas-black-blue-s89288135/,No,236,60,250,steel,4872.9
Wardrobes,895,https://www.ikea.com/sa/en/p/visthus-wardrobe-grey-white-00347614/,No,216,59,62,plastic,698.1
Wardrobes,3493,https://www.ikea.com/sa/en/p/platsa-wardrobe-white-fonnes-white-s59248626/,No,281,61,240,wood,2654.68
Wardrobes,3410,https://www.ikea.com/sa/en/p/pax-wardrobe-white-repvag-white-stained-oak-veneer-s59303533/,No,236,60,150,wood,2489.3
Wardrobes,3695,https://www.ikea.com/sa/en/p/pax-wardrobe-white-flornes-dark-grey-s89300156/,No,236,60,200,wood,2734.3
Wardrobes,3222,https://www.ikea.com/sa/en/p/pax-wardrobe-black-brown-uggdal-grey-glass-s49306315/,No,236,66,150,wood,2448.72
Wardrobes,435,https://www.ikea.com/sa/en/p/platsa-wall-storage-white-s49325371/,No,40,40,240,steel,326.25
Wardrobes,1760,https://www.ikea.com/sa/en/p/pax-wardrobe-brown-stained-ash-effect-forsand-brown-stained-ash-effect-s49287618/,No,236,60,150,wood,1232
Wardrobes,965,https://www.ikea.com/sa/en/p/pax-wardrobe-black-brown-forsand-vikedal-s39285988/,No,236,60,75,wood,772
Wardrobes,1260.5,https://www.ikea.com/sa/en/p/platsa-wardrobe-w-6-doors-fonnes-white-s19304582/,No,241,42,140,wood,970.585
Wardrobes,716,https://www.ikea.com/sa/en/p/sundlandet-open-wardrobe-white-00421915/,No,187,44,79,wood,558.48
Wardrobes,2580,https://www.ikea.com/sa/en/p/pax-wardrobe-black-brown-undredal-black-s59094412/,No,236,60,150,wood,1857.6
Wardrobes,5240,https://www.ikea.com/sa/en/p/pax-wardrobe-black-brown-undredal-undredal-glass-s59221660/,No,236,60,300,wood,3825.2
Wardrobes,3775,https://www.ikea.com/sa/en/p/pax-wardrobe-white-hokksund-high-gloss-light-beige-s79306173/,No,236,66,200,steel,2944.5
Wardrobes,3215,https://www.ikea.com/sa/en/p/pax-wardrobe-white-forsand-vikedal-s99246475/,Yes,236,60,200,wood,2411.25
Wardrobes,3035,https://www.ikea.com/sa/en/p/pax-wardrobe-white-hasvik-white-s09303309/,No,236,66,150,wood,2124.5
Wardrobes,1499,https://www.ikea.com/sa/en/p/pax-wardrobe-white-s89227873/,Yes,201,58,150,wood,1199.2
Wardrobes,444,https://www.ikea.com/sa/en/p/elvarli-1-section-white-s69157475/,No,216,40,84,steel,337.44
Wardrobes,1725,https://www.ikea.com/sa/en/p/pax-mehamn-wardrobe-combination-white-white-stained-oak-effect-s29330571/,No,236,44,150,wood,1224.75
Wardrobes,1796,https://www.ikea.com/sa/en/p/platsa-wardrobe-white-fonnes-white-s99248587/,No,231,57,240,wood,1329.04
Wardrobes,995,https://www.ikea.com/sa/en/p/pax-wardrobe-white-s49300144/,No,236,35,100,wood,756.2
Wardrobes,5965,https://www.ikea.com/sa/en/p/pax-wardrobe-combination-brown-stained-ash-effect-s19331439/,No,236,58,375,wood,4533.4
Wardrobes,2250,https://www.ikea.com/sa/en/p/pax-bergsbo-wardrobe-combination-white-frosted-glass-s99329140/,Yes,236,60,100,wood,1800
Wardrobes,5345,https://www.ikea.com/sa/en/p/pax-wardrobe-white-soerumsand-white-s39276917/,No,236,60,250,wood,4276
Wardrobes,1600,https://www.ikea.com/sa/en/p/pax-wardrobe-black-brown-forsand-black-brown-stained-ash-effect-s29286894/,Yes,201,60,100,wood,1200
Wardrobes,1490,https://www.ikea.com/sa/en/p/pax-wardrobe-black-brown-s39227804/,Yes,201,58,150,wood,1087.7
Wardrobes,3113,https://www.ikea.com/sa/en/p/platsa-storage-comb-w-6-doors-3-drawers-white-fonnes-white-s59324385/,No,241,42,420,wood,2428.14
Wardrobes,1690,https://www.ikea.com/sa/en/p/pax-wardrobe-black-brown-forsand-black-brown-stained-ash-effect-s59286072/,Yes,236,60,150,wood,1335.1
Wardrobes,3960,https://www.ikea.com/sa/en/p/pax-wardrobe-white-mehamn-sekken-s49305641/,No,236,66,200,wood,2851.2
Wardrobes,2960,https://www.ikea.com/sa/en/p/pax-wardrobe-black-brown-stained-ash-effect-repvag-black-brown-stained-oak-veneer-s59300092/,No,236,60,200,wood,2190.4
Wardrobes,795,https://www.ikea.com/sa/en/p/bryggja-open-wardrobe-dark-grey-90421906/,No,173,57,120,wood,580.35
Wardrobes,728,https://www.ikea.com/sa/en/p/platsa-wall-storage-white-fonnes-white-s29320652/,No,40,42,240,wood,560.56
Wardrobes,3190,https://www.ikea.com/sa/en/p/pax-tyssedal-wardrobe-combination-white-mirror-glass-s29320732/,Yes,236,60,150,wood,2488.2
Wardrobes,2800,https://www.ikea.com/sa/en/p/platsa-wardrobe-with-9-doors-white-sannidal-white-s19302998/,No,271,57,300,wood,2156
Wardrobes,3227,https://www.ikea.com/sa/en/p/pax-wardrobe-white-uggdal-grey-glass-s39305868/,No,236,66,150,wood,2420.25
Wardrobes,2170,https://www.ikea.com/sa/en/p/pax-wardrobe-black-brown-hasvik-high-gloss-white-s99180573/,No,236,66,150,wood,1736
Wardrobes,1545,https://www.ikea.com/sa/en/p/pax-wardrobe-white-hamnas-black-blue-s09303941/,No,236,38,100,wood,1127.85
Wardrobes,6805,https://www.ikea.com/sa/en/p/pax-tyssedal-wardrobe-combination-white-white-s09325047/,Yes,236,60,300,wood,5035.7
Wardrobes,785,https://www.ikea.com/sa/en/p/platsa-wardrobe-with-2-doors-3-drawers-white-fonnes-white-s59326469/,No,221,42,80,wood,588.75
Wardrobes,1940,https://www.ikea.com/sa/en/p/pax-wardrobe-white-sekken-frosted-glass-s09296950/,No,236,44,150,wood,1396.8
Wardrobes,2255,https://www.ikea.com/sa/en/p/pax-auli-wardrobe-combination-brown-stained-ash-effect-mirror-glass-s69330159/,No,236,66,150,wood,1691.25
Wardrobes,678,https://www.ikea.com/sa/en/p/elvarli-1-section-white-s59157353/,No,216,55,84,steel,528.84
Wardrobes,2940,https://www.ikea.com/sa/en/p/pax-vikedal-wardrobe-combination-brown-stained-ash-effect-mirror-glass-s89329536/,No,236,60,150,wood,2146.2
Wardrobes,3110,https://www.ikea.com/sa/en/p/pax-wardrobe-white-tyssedal-white-s99264964/,Yes,236,60,150,wood,2332.5
Wardrobes,2125,https://www.ikea.com/sa/en/p/pax-wardrobe-white-auli-mirror-glass-s09025765/,No,236,44,150,wood,1487.5
Wardrobes,1518,https://www.ikea.com/sa/en/p/elvarli-2-sections-white-bamboo-s09157529/,No,216,55,165,steel,1153.68
Wardrobes,2950,https://www.ikea.com/sa/en/p/pax-wardrobe-white-vinterbro-white-s69030368/,No,236,60,150,wood,2301
Wardrobes,2380,https://www.ikea.com/sa/en/p/pax-wardrobe-black-brown-forsand-black-brown-stained-ash-effect-s69286910/,Yes,201,60,150,wood,1856.4
Wardrobes,3885,https://www.ikea.com/sa/en/p/pax-wardrobe-white-fjellhamar-dark-bamboo-s89243929/,No,236,66,200,wood,3030.3
Wardrobes,3905,https://www.ikea.com/sa/en/p/pax-wardrobe-brown-stained-ash-effect-uggdal-grey-glass-s09247257/,No,236,66,200,wood,3045.9
Wardrobes,3500,https://www.ikea.com/sa/en/p/pax-wardrobe-white-tyssedal-glass-s09300103/,No,236,60,200,wood,2555
Wardrobes,4200,https://www.ikea.com/sa/en/p/pax-wardrobe-white-hokksund-high-gloss-light-beige-s79305913/,No,236,66,200,wood,3234
Wardrobes,774,https://www.ikea.com/sa/en/p/elvarli-2-sections-white-s79158144/,No,216,55,124,steel,595.98
Wardrobes,3162,https://www.ikea.com/sa/en/p/pax-wardrobe-white-uggdal-grey-glass-s39305707/,No,236,66,150,wood,2497.98
Wardrobes,2125,https://www.ikea.com/sa/en/p/pax-wardrobe-white-auli-mirror-glass-s79306333/,No,236,44,150,wood,1487.5
Wardrobes,1324,https://www.ikea.com/sa/en/p/platsa-wardrobe-w-10-doors-fonnes-white-s29304586/,No,221,42,380,wood,1019.48
Wardrobes,3775,https://www.ikea.com/sa/en/p/pax-wardrobe-white-hokksund-hokksund-high-gloss-light-beige-s39221128/,No,236,66,200,wood,2831.25
Wardrobes,3227,https://www.ikea.com/sa/en/p/pax-wardrobe-white-uggdal-grey-glass-s39264858/,No,236,66,150,wood,2517.06
Wardrobes,3394,https://www.ikea.com/sa/en/p/pax-wardrobe-white-nykirke-frosted-glass-check-pattern-s59305725/,Yes,236,66,150,wood,2613.38
Wardrobes,1940,https://www.ikea.com/sa/en/p/pax-auli-wardrobe-combination-white-mirror-glass-s59330112/,No,236,44,150,wood,1532.6
Wardrobes,2410,https://www.ikea.com/sa/en/p/pax-wardrobe-white-hasvik-white-s69219044/,No,236,66,150,wood,1759.3
Wardrobes,1225,https://www.ikea.com/sa/en/p/stuva-fritids-wardrobe-with-storage-bench-white-light-pink-s79266110/,Yes,192,50,150,wood,931
Wardrobes,1765,https://www.ikea.com/sa/en/p/pax-grimo-wardrobe-combination-white-white-s29324711/,Yes,201,60,100,wood,1323.75
Wardrobes,1629,https://www.ikea.com/sa/en/p/elvarli-3-sections-white-s49188005/,No,216,55,205,steel,1156.59
Wardrobes,1301,https://www.ikea.com/sa/en/p/elvarli-2-sections-white-bamboo-s69157499/,No,126,55,124,steel,910.7
Wardrobes,2975,https://www.ikea.com/sa/en/p/pax-mehamn-wardrobe-combination-white-white-stained-oak-effect-s89385612/,No,236,44,200,wood,2261
Wardrobes,1796,https://www.ikea.com/sa/en/p/platsa-wardrobe-with-2-doors-3-drawers-fonnes-white-s99304578/,No,241,57,300,wood,1400.88
Wardrobes,1181,https://www.ikea.com/sa/en/p/elvarli-2-sections-white-s49212067/,No,216,55,164,steel,944.8
Wardrobes,4200,https://www.ikea.com/sa/en/p/pax-wardrobe-white-hokksund-high-gloss-light-beige-s09265053/,No,236,66,200,wood,3276
Wardrobes,2545,https://www.ikea.com/sa/en/p/pax-wardrobe-combination-white-s09324689/,Yes,201,58,150,wood,1883.3
Wardrobes,3935,https://www.ikea.com/sa/en/p/pax-grimo-vikedal-wardrobe-combination-white-mirror-glass-s39325022/,Yes,236,60,200,wood,3108.65
Wardrobes,3162,https://www.ikea.com/sa/en/p/pax-wardrobe-white-uggdal-grey-glass-s69303429/,No,236,66,150,wood,2529.6
Wardrobes,4215,https://www.ikea.com/sa/en/p/pax-wardrobe-white-hamnas-black-blue-s79276425/,No,236,60,200,wood,3372
Wardrobes,1970,https://www.ikea.com/sa/en/p/elvarli-3-sections-white-bamboo-s89315153/,No,216,55,245,steel,1398.7
Wardrobes,2610,https://www.ikea.com/sa/en/p/pax-wardrobe-white-auli-mirror-glass-s19127382/,Yes,236,66,150,wood,1853.1
Wardrobes,2690,https://www.ikea.com/sa/en/p/pax-wardrobe-white-fardal-high-gloss-white-s19303498/,Yes,236,60,150,wood,2152
Wardrobes,3120,https://www.ikea.com/sa/en/p/pax-wardrobe-white-hokksund-light-grey-s19305671/,No,236,66,150,wood,2277.6
Wardrobes,3760,https://www.ikea.com/sa/en/p/pax-wardrobe-white-hokksund-high-gloss-light-beige-s19305906/,No,236,66,150,wood,2857.6
Wardrobes,3885,https://www.ikea.com/sa/en/p/pax-wardrobe-white-fjellhamar-dark-bamboo-s19306307/,No,236,66,200,wood,2952.6
Wardrobes,3905,https://www.ikea.com/sa/en/p/pax-wardrobe-brown-stained-ash-effect-uggdal-grey-glass-s39305873/,No,236,66,200,wood,3124
Wardrobes,2990,https://www.ikea.com/sa/en/p/pax-hasvik-wardrobe-combination-white-high-gloss-white-s49330749/,No,236,44,200,wood,2332.2
Wardrobes,2255,https://www.ikea.com/sa/en/p/pax-sekken-wardrobe-combination-white-frosted-glass-s79330192/,No,236,66,150,wood,1668.7
Wardrobes,519,https://www.ikea.com/sa/en/p/elvarli-1-section-white-s59158121/,No,216,55,44,steel,399.63
Wardrobes,2525,https://www.ikea.com/sa/en/p/pax-vingrom-wardrobe-combination-white-resjoen-white-s29320911/,No,236,60,100,wood,1818
Wardrobes,1495,https://www.ikea.com/sa/en/p/elvarli-2-sections-white-bamboo-s39187822/,No,126,55,124,steel,1181.05
Wardrobes,1128,https://www.ikea.com/sa/en/p/elvarli-2-sections-white-s89157525/,No,126,55,164,steel,868.56
Wardrobes,1581,https://www.ikea.com/sa/en/p/elvarli-2-sections-white-s89158214/,No,216,55,164,steel,1248.99
Wardrobes,2610,https://www.ikea.com/sa/en/p/pax-wardrobe-white-auli-mirror-glass-s19306326/,No,236,66,150,wood,1957.5
Wardrobes,3875,https://www.ikea.com/sa/en/p/pax-wardrobe-white-uggdal-faervik-s49127917/,No,236,66,200,wood,2983.75
Wardrobes,2074,https://www.ikea.com/sa/en/p/elvarli-3-sections-white-s99157577/,No,216,55,165,steel,1596.98
Wardrobes,3675,https://www.ikea.com/sa/en/p/pax-wardrobe-white-flornes-dark-grey-s99276491/,No,236,60,150,wood,2866.5
Wardrobes,3155,https://www.ikea.com/sa/en/p/pax-faervik-auli-wardrobe-combination-white-white-glass-mirror-glass-s99330515/,No,236,44,200,wood,2366.25
Wardrobes,2246,https://www.ikea.com/sa/en/p/platsa-wardrobe-with-7-doors-6-drawers-white-fonnes-white-s69325214/,No,201,42,300,wood,1594.66
Wardrobes,3115,https://www.ikea.com/sa/en/p/pax-wardrobe-white-fjellhamar-light-bamboo-s89243335/,No,236,66,150,wood,2492
Wardrobes,1980,https://www.ikea.com/sa/en/p/pax-mehamn-sekken-wardrobe-combination-black-brown-frosted-glass-s39330735/,No,236,66,150,wood,1564.2
Wardrobes,3875,https://www.ikea.com/sa/en/p/pax-wardrobe-white-uggdal-faervik-s09305836/,No,236,66,200,wood,3100
Wardrobes,3115,https://www.ikea.com/sa/en/p/pax-wardrobe-white-fjellhamar-light-bamboo-s29306302/,No,236,66,150,wood,2398.55
Wardrobes,2710,https://www.ikea.com/sa/en/p/pax-wardrobe-combination-white-s59324248/,Yes,236,58,150,wood,1978.3
Wardrobes,4390,https://www.ikea.com/sa/en/p/pax-vinterbro-wardrobe-combination-white-s89329560/,No,236,38,200,wood,3468.1
Wardrobes,3055,https://www.ikea.com/sa/en/p/pax-wardrobe-black-brown-faervik-white-glass-s29306217/,No,236,66,150,wood,2352.35
Wardrobes,1538,https://www.ikea.com/sa/en/p/elvarli-3-sections-white-s59157555/,No,216,55,165,steel,1199.64
Wardrobes,3760,https://www.ikea.com/sa/en/p/pax-wardrobe-white-hokksund-high-gloss-light-beige-s59264843/,No,236,66,150,wood,2895.2
Wardrobes,3055,https://www.ikea.com/sa/en/p/pax-wardrobe-black-brown-faervik-white-glass-s89025790/,No,236,66,150,wood,2413.45
Wardrobes,1606,https://www.ikea.com/sa/en/p/platsa-wardrobe-with-6-drawers-white-fonnes-white-s29324320/,No,241,42,140,wood,1268.74
Wardrobes,1757,https://www.ikea.com/sa/en/p/elvarli-3-sections-white-s19315156/,No,216,55,205,steel,1352.89
Wardrobes,2505,https://www.ikea.com/sa/en/p/pax-wardrobe-combination-white-s19385677/,Yes,236,58,150,wood,1853.7
Wardrobes,1260,https://www.ikea.com/sa/en/p/pax-forsand-vikedal-wardrobe-combination-white-mirror-glass-s39329299/,Yes,201,60,75,wood,945
Wardrobes,1245,https://www.ikea.com/sa/en/p/elvarli-2-sections-white-s49157565/,No,216,55,164,steel,921.3
Wardrobes,2100,https://www.ikea.com/sa/en/p/pax-forsand-wardrobe-combination-black-brown-black-brown-stained-ash-effect-s59324936/,Yes,236,60,100,wood,1554
Wardrobes,3985,https://www.ikea.com/sa/en/p/pax-hokksund-wardrobe-combination-black-brown-high-gloss-light-beige-s69330475/,No,236,66,150,wood,2829.35
Wardrobes,2045,https://www.ikea.com/sa/en/p/pax-mehamn-auli-wardrobe-combination-black-brown-mirror-glass-s89330653/,No,236,66,200,wood,1431.5